0|0#68|-22,1|0#69|-22,2|0#70|-22,3|0#71|-22,4|0#72|-22,5|0#73|-22,6|0#74|-22,7|0#75|-22,8|0#76|-22,9|0#77|-22,,11|0#78|-22,12|0#79|-22,13|0#80|-22,14|0#81|-22,15|0#82|-22,16|0#83|-22,17|0#84|-22,18|0#85|-22,19|0#86|-22,20|0#87|-22,,,23|0#88|-22,24|0#89|-22,25|0#90|-22,26|0#91|-22,27|0#92|-22,28|0#93|-22,29|0#94|-22,30|0#95|-22,31|0#96|-22,32|0#97|-22,33|0#98|-22,,35|0#99|-22,36|0#100|-22,37|0#101|-22,38|0#102|-22,39|0#103|-22,40|0#104|-22,41|0#105|-22,42|0#106|-22,43|0#107|-22,44|0#108|-22,45|0#109|-22,46|0#110|-22,47|0#111|-22,48|0#112|-22,,
0|1#68|-21,1|1#69|-21,2|1#70|-21,3|1#71|-21,4|1#72|-21,5|1#73|-21,6|1#74|-21,7|1#75|-21,8|1#76|-21,9|1#77|-21,,11|1#78|-21,12|1#79|-21,13|1#80|-21,14|1#81|-21,15|1#82|-21,16|1#83|-21,17|1#84|-21,18|1#85|-21,19|1#86|-21,20|1#87|-21,,,23|1#88|-21,24|1#89|-21,25|1#90|-21,26|1#91|-21,27|1#92|-21,28|1#93|-21,29|1#94|-21,30|1#95|-21,31|1#96|-21,32|1#97|-21,33|1#98|-21,,35|1#99|-21,36|1#100|-21,37|1#101|-21,38|1#102|-21,39|1#103|-21,40|1#104|-21,41|1#105|-21,42|1#106|-21,43|1#107|-21,44|1#108|-21,45|1#109|-21,46|1#110|-21,47|1#111|-21,48|1#112|-21,,
0|2#68|-20,1|2#69|-20,2|2#70|-20,,,5|2#71|-20,6|2#72|-20,7|2#73|-20,8|2#74|-20,9|2#75|-20,,11|2#76|-20,12|2#77|-20,13|2#78|-20,14|2#79|-20,15|2#80|-20,16|2#81|-20,17|2#82|-20,18|2#83|-20,19|2#84|-20,20|2#85|-20,21|2#86|-20,22|2#87|-20,23|2#88|-20,24|2#89|-20,25|2#90|-20,26|2#91|-20,27|2#92|-20,28|2#93|-20,29|2#94|-20,30|2#95|-20,31|2#96|-20,32|2#97|-20,33|2#98|-20,,35|2#99|-20,36|2#100|-20,37|2#101|-20,38|2#102|-20,39|2#103|-20,40|2#104|-20,41|2#105|-20,42|2#106|-20,43|2#107|-20,44|2#108|-20,45|2#109|-20,46|2#110|-20,47|2#111|-20,48|2#112|-20,,
0|3#68|-19,1|3#69|-19,2|3#70|-19,,,5|3#71|-19,6|3#72|-19,7|3#73|-19,8|3#74|-19,9|3#75|-19,,11|3#76|-19,12|3#77|-19,13|3#78|-19,14|3#79|-19,15|3#80|-19,16|3#81|-19,17|3#82|-19,18|3#83|-19,19|3#84|-19,20|3#85|-19,21|3#86|-19,22|3#87|-19,23|3#88|-19,24|3#89|-19,,,27|3#90|-19,28|3#91|-19,29|3#92|-19,30|3#93|-19,31|3#94|-19,32|3#95|-19,33|3#96|-19,,35|3#97|-19,36|3#98|-19,37|3#99|-19,38|3#100|-19,39|3#101|-19,40|3#102|-19,41|3#103|-19,42|3#104|-19,43|3#105|-19,44|3#106|-19,45|3#107|-19,46|3#108|-19,47|3#109|-19,48|3#110|-19,49|3#111|-19,50|3#112|-19
0|4#68|-18,1|4#69|-18,2|4#70|-18,3|4#71|-18,4|4#72|-18,5|4#73|-18,6|4#74|-18,7|4#75|-18,8|4#76|-18,9|4#77|-18,,11|4#78|-18,12|4#79|-18,13|4#80|-18,14|4#81|-18,15|4#82|-18,16|4#83|-18,17|4#84|-18,,,20|4#85|-18,21|4#86|-18,22|4#87|-18,23|4#88|-18,24|4#89|-18,25|4#90|-18,26|4#91|-18,27|4#92|-18,28|4#93|-18,29|4#94|-18,30|4#95|-18,31|4#96|-18,32|4#97|-18,33|4#98|-18,,35|4#99|-18,36|4#100|-18,37|4#101|-18,38|4#102|-18,39|4#103|-18,40|4#104|-18,41|4#105|-18,42|4#106|-18,43|4#107|-18,44|4#108|-18,45|4#109|-18,,,48|4#110|-18,49|4#111|-18,50|4#112|-18
0|5#68|-17,1|5#69|-17,2|5#70|-17,3|5#71|-17,4|5#72|-17,5|5#73|-17,6|5#74|-17,7|5#75|-17,8|5#76|-17,9|5#77|-17,,11|5#78|-17,12|5#79|-17,13|5#80|-17,14|5#81|-17,15|5#82|-17,16|5#83|-17,17|5#84|-17,,,20|5#85|-17,21|5#86|-17,22|5#87|-17,23|5#88|-17,24|5#89|-17,25|5#90|-17,26|5#91|-17,27|5#92|-17,28|5#93|-17,29|5#94|-17,30|5#95|-17,31|5#96|-17,32|5#97|-17,33|5#98|-17,,35|5#99|-17,36|5#100|-17,37|5#101|-17,38|5#102|-17,39|5#103|-17,40|5#104|-17,41|5#105|-17,42|5#106|-17,43|5#107|-17,44|5#108|-17,45|5#109|-17,,,48|5#110|-17,49|5#111|-17,50|5#112|-17
,,,,,,,,,,,,,,,,,,,,,,,,,,,,,,,,,,,,,,,,,,,,,,,,,,
0|7#68|-16,1|7#69|-16,2|7#70|-16,3|7#71|-16,4|7#72|-16,5|7#73|-16,6|7#74|-16,7|7#75|-16,8|7#76|-16,9|7#77|-16,10|7#78|-16,11|7#79|-16,12|7#80|-16,13|7#81|-16,,15|7#82|-16,16|7#83|-16,17|7#84|-16,18|7#85|-16,19|7#86|-16,20|7#87|-16,21|7#88|-16,22|7#89|-16,23|7#90|-16,24|7#91|-16,25|7#92|-16,,,,29|7#93|-16,30|7#94|-16,31|7#95|-16,32|7#96|-16,33|7#97|-16,34|7#98|-16,,36|7#99|-16,37|7#100|-16,38|7#101|-16,39|7#102|-16,40|7#103|-16,,42|7#104|-16,43|7#105|-16,44|7#106|-16,45|7#107|-16,46|7#108|-16,47|7#109|-16,48|7#110|-16,49|7#111|-16,50|7#112|-16
0|8#68|-15,1|8#69|-15,2|8#70|-15,3|8#71|-15,4|8#72|-15,5|8#73|-15,6|8#74|-15,7|8#75|-15,8|8#76|-15,9|8#77|-15,10|8#78|-15,11|8#79|-15,12|8#80|-15,13|8#81|-15,,15|8#82|-15,16|8#83|-15,17|8#84|-15,18|8#85|-15,19|8#86|-15,20|8#87|-15,21|8#88|-15,22|8#89|-15,23|8#90|-15,24|8#91|-15,25|8#92|-15,,,,29|8#93|-15,30|8#94|-15,31|8#95|-15,32|8#96|-15,,34|8#97|-15,35|8#98|-15,36|8#99|-15,37|8#100|-15,38|8#101|-15,39|8#102|-15,40|8#103|-15,,42|8#104|-15,43|8#105|-15,44|8#106|-15,45|8#107|-15,46|8#108|-15,47|8#109|-15,48|8#110|-15,49|8#111|-15,50|8#112|-15
0|9#68|-14,1|9#69|-14,2|9#70|-14,3|9#71|-14,4|9#72|-14,5|9#73|-14,6|9#74|-14,7|9#75|-14,8|9#76|-14,9|9#77|-14,10|9#78|-14,11|9#79|-14,12|9#80|-14,13|9#81|-14,,15|9#82|-14,16|9#83|-14,17|9#84|-14,18|9#85|-14,19|9#86|-14,20|9#87|-14,21|9#88|-14,22|9#89|-14,23|9#90|-14,24|9#91|-14,25|9#92|-14,,,,29|9#93|-14,30|9#94|-14,31|9#95|-14,32|9#96|-14,33|9#97|-14,34|9#98|-14,35|9#99|-14,,37|9#100|-14,38|9#101|-14,39|9#102|-14,40|9#103|-14,,42|9#104|-14,43|9#105|-14,44|9#106|-14,45|9#107|-14,46|9#108|-14,47|9#109|-14,48|9#110|-14,49|9#111|-14,50|9#112|-14
0|10#68|-13,1|10#69|-13,2|10#70|-13,3|10#71|-13,4|10#72|-13,5|10#73|-13,,,8|10#74|-13,9|10#75|-13,10|10#76|-13,11|10#77|-13,12|10#78|-13,13|10#79|-13,,15|10#80|-13,16|10#81|-13,17|10#82|-13,18|10#83|-13,19|10#84|-13,20|10#85|-13,21|10#86|-13,22|10#87|-13,23|10#88|-13,24|10#89|-13,25|10#90|-13,26|10#91|-13,27|10#92|-13,28|10#93|-13,29|10#94|-13,30|10#95|-13,31|10#96|-13,32|10#97|-13,33|10#98|-13,34|10#99|-13,35|10#100|-13,36|10#101|-13,37|10#102|-13,38|10#103|-13,39|10#104|-13,40|10#105|-13,,42|10#106|-13,43|10#107|-13,44|10#108|-13,,,47|10#109|-13,48|10#110|-13,49|10#111|-13,50|10#112|-13
0|11#68|-12,1|11#69|-12,2|11#70|-12,3|11#71|-12,4|11#72|-12,5|11#73|-12,,,8|11#74|-12,9|11#75|-12,10|11#76|-12,11|11#77|-12,12|11#78|-12,13|11#79|-12,,15|11#80|-12,16|11#81|-12,17|11#82|-12,18|11#83|-12,19|11#84|-12,20|11#85|-12,21|11#86|-12,22|11#87|-12,23|11#88|-12,24|11#89|-12,25|11#90|-12,26|11#91|-12,27|11#92|-12,28|11#93|-12,29|11#94|-12,30|11#95|-12,31|11#96|-12,32|11#97|-12,33|11#98|-12,34|11#99|-12,35|11#100|-12,36|11#101|-12,37|11#102|-12,38|11#103|-12,39|11#104|-12,40|11#105|-12,,42|11#106|-12,43|11#107|-12,44|11#108|-12,,,47|11#109|-12,48|11#110|-12,49|11#111|-12,50|11#112|-12
,,,,,,,,,,,,,,,,,,,,,,,,,,,,,,,,,,,,,,,,,,,,,,,,,,
0|13#68|-11,1|13#69|-11,2|13#70|-11,3|13#71|-11,4|13#72|-11,5|13#73|-11,6|13#74|-11,7|13#75|-11,,9|13#76|-11,10|13#77|-11,11|13#78|-11,12|13#79|-11,13|13#80|-11,14|13#81|-11,15|13#82|-11,16|13#83|-11,,,19|13#84|-11,20|13#85|-11,21|13#86|-11,22|13#87|-11,23|13#88|-11,24|13#89|-11,25|13#90|-11,,27|13#91|-11,28|13#92|-11,29|13#93|-11,30|13#94|-11,31|13#95|-11,32|13#96|-11,33|13#97|-11,34|13#98|-11,35|13#99|-11,,,38|13#100|-11,39|13#101|-11,40|13#102|-11,41|13#103|-11,42|13#104|-11,43|13#105|-11,44|13#106|-11,45|13#107|-11,46|13#108|-11,47|13#109|-11,48|13#110|-11,49|13#111|-11,50|13#112|-11
0|14#68|-10,1|14#69|-10,2|14#70|-10,3|14#71|-10,4|14#72|-10,5|14#73|-10,6|14#74|-10,7|14#75|-10,,9|14#76|-10,10|14#77|-10,11|14#78|-10,12|14#79|-10,13|14#80|-10,14|14#81|-10,15|14#82|-10,16|14#83|-10,17|14#84|-10,18|14#85|-10,19|14#86|-10,20|14#87|-10,,,23|14#88|-10,24|14#89|-10,25|14#90|-10,,27|14#91|-10,28|14#92|-10,29|14#93|-10,30|14#94|-10,31|14#95|-10,32|14#96|-10,33|14#97|-10,34|14#98|-10,35|14#99|-10,,,38|14#100|-10,39|14#101|-10,40|14#102|-10,41|14#103|-10,42|14#104|-10,43|14#105|-10,44|14#106|-10,45|14#107|-10,46|14#108|-10,47|14#109|-10,48|14#110|-10,49|14#111|-10,50|14#112|-10
0|15#68|-9,1|15#69|-9,2|15#70|-9,3|15#71|-9,4|15#72|-9,5|15#73|-9,6|15#74|-9,7|15#75|-9,,9|15#76|-9,10|15#77|-9,11|15#78|-9,12|15#79|-9,13|15#80|-9,14|15#81|-9,15|15#82|-9,16|15#83|-9,17|15#84|-9,18|15#85|-9,19|15#86|-9,20|15#87|-9,,,23|15#88|-9,24|15#89|-9,25|15#90|-9,,27|15#91|-9,28|15#92|-9,29|15#93|-9,30|15#94|-9,31|15#95|-9,32|15#96|-9,33|15#97|-9,34|15#98|-9,35|15#99|-9,36|15#100|-9,37|15#101|-9,38|15#102|-9,39|15#103|-9,40|15#104|-9,41|15#105|-9,42|15#106|-9,43|15#107|-9,,,46|15#108|-9,47|15#109|-9,48|15#110|-9,49|15#111|-9,50|15#112|-9
0|16#68|-8,1|16#69|-8,2|16#70|-8,3|16#71|-8,4|16#72|-8,5|16#73|-8,6|16#74|-8,7|16#75|-8,,9|16#76|-8,10|16#77|-8,11|16#78|-8,12|16#79|-8,,,15|16#80|-8,16|16#81|-8,17|16#82|-8,18|16#83|-8,19|16#84|-8,20|16#85|-8,21|16#86|-8,22|16#87|-8,23|16#88|-8,24|16#89|-8,25|16#90|-8,,27|16#91|-8,28|16#92|-8,29|16#93|-8,30|16#94|-8,31|16#95|-8,32|16#96|-8,33|16#97|-8,34|16#98|-8,35|16#99|-8,36|16#100|-8,,,39|16#101|-8,40|16#102|-8,41|16#103|-8,42|16#104|-8,43|16#105|-8,44|16#106|-8,45|16#107|-8,46|16#108|-8,47|16#109|-8,48|16#110|-8,49|16#111|-8,50|16#112|-8
0|17#68|-7,1|17#69|-7,2|17#70|-7,3|17#71|-7,4|17#72|-7,5|17#73|-7,6|17#74|-7,7|17#75|-7,,9|17#76|-7,10|17#77|-7,11|17#78|-7,12|17#79|-7,,,15|17#80|-7,16|17#81|-7,17|17#82|-7,18|17#83|-7,19|17#84|-7,20|17#85|-7,21|17#86|-7,22|17#87|-7,23|17#88|-7,24|17#89|-7,25|17#90|-7,,27|17#91|-7,28|17#92|-7,29|17#93|-7,30|17#94|-7,31|17#95|-7,32|17#96|-7,33|17#97|-7,34|17#98|-7,35|17#99|-7,36|17#100|-7,,,39|17#101|-7,40|17#102|-7,41|17#103|-7,42|17#104|-7,43|17#105|-7,44|17#106|-7,45|17#107|-7,46|17#108|-7,47|17#109|-7,48|17#110|-7,49|17#111|-7,50|17#112|-7
0|18#68|-6,1|18#69|-6,2|18#70|-6,,,5|18#71|-6,6|18#72|-6,7|18#73|-6,,9|18#74|-6,10|18#75|-6,11|18#76|-6,12|18#77|-6,13|18#78|-6,14|18#79|-6,15|18#80|-6,16|18#81|-6,17|18#82|-6,18|18#83|-6,19|18#84|-6,20|18#85|-6,21|18#86|-6,22|18#87|-6,23|18#88|-6,24|18#89|-6,25|18#90|-6,,27|18#91|-6,28|18#92|-6,29|18#93|-6,30|18#94|-6,31|18#95|-6,32|18#96|-6,33|18#97|-6,34|18#98|-6,35|18#99|-6,36|18#100|-6,37|18#101|-6,38|18#102|-6,39|18#103|-6,40|18#104|-6,,,43|18#105|-6,44|18#106|-6,45|18#107|-6,46|18#108|-6,47|18#109|-6,48|18#110|-6,49|18#111|-6,50|18#112|-6
0|19#68|-5,1|19#69|-5,2|19#70|-5,,,5|19#71|-5,6|19#72|-5,7|19#73|-5,,9|19#74|-5,10|19#75|-5,11|19#76|-5,12|19#77|-5,13|19#78|-5,14|19#79|-5,15|19#80|-5,16|19#81|-5,17|19#82|-5,18|19#83|-5,19|19#84|-5,20|19#85|-5,21|19#86|-5,22|19#87|-5,23|19#88|-5,24|19#89|-5,25|19#90|-5,,27|19#91|-5,28|19#92|-5,29|19#93|-5,30|19#94|-5,31|19#95|-5,32|19#96|-5,33|19#97|-5,34|19#98|-5,35|19#99|-5,36|19#100|-5,37|19#101|-5,38|19#102|-5,39|19#103|-5,40|19#104|-5,,,43|19#105|-5,44|19#106|-5,45|19#107|-5,46|19#108|-5,47|19#109|-5,48|19#110|-5,49|19#111|-5,50|19#112|-5
,,,,,,,,,,,,,,,,,,,,,,,,,,,,,,,,,,,,,,,,,,,,,,,,,,
0|21#68|-4,1|21#69|-4,2|21#70|-4,3|21#71|-4,4|21#72|-4,5|21#73|-4,,7|21#74|-4,8|21#75|-4,9|21#76|-4,10|21#77|-4,11|21#78|-4,12|21#79|-4,13|21#80|-4,,15|21#81|-4,16|21#82|-4,17|21#83|-4,18|21#84|-4,19|21#85|-4,,21|21#86|-4,22|21#87|-4,23|21#88|-4,24|21#89|-4,25|21#90|-4,26|21#91|-4,27|21#92|-4,28|21#93|-4,29|21#94|-4,,31|21#95|-4,32|21#96|-4,33|21#97|-4,34|21#98|-4,35|21#99|-4,36|21#100|-4,37|21#101|-4,38|21#102|-4,39|21#103|-4,40|21#104|-4,41|21#105|-4,42|21#106|-4,,,45|21#107|-4,46|21#108|-4,47|21#109|-4,48|21#110|-4,49|21#111|-4,50|21#112|-4
0|22#68|-3,1|22#69|-3,2|22#70|-3,3|22#71|-3,4|22#72|-3,5|22#73|-3,,7|22#74|-3,8|22#75|-3,9|22#76|-3,10|22#77|-3,11|22#78|-3,12|22#79|-3,13|22#80|-3,,15|22#81|-3,16|22#82|-3,17|22#83|-3,18|22#84|-3,19|22#85|-3,,21|22#86|-3,22|22#87|-3,23|22#88|-3,24|22#89|-3,25|22#90|-3,26|22#91|-3,27|22#92|-3,28|22#93|-3,29|22#94|-3,,31|22#95|-3,32|22#96|-3,33|22#97|-3,34|22#98|-3,35|22#99|-3,36|22#100|-3,37|22#101|-3,38|22#102|-3,39|22#103|-3,40|22#104|-3,41|22#105|-3,42|22#106|-3,,,45|22#107|-3,46|22#108|-3,47|22#109|-3,48|22#110|-3,49|22#111|-3,50|22#112|-3
0|23#68|-2,1|23#69|-2,2|23#70|-2,3|23#71|-2,4|23#72|-2,5|23#73|-2,,7|23#74|-2,8|23#75|-2,9|23#76|-2,10|23#77|-2,11|23#78|-2,12|23#79|-2,13|23#80|-2,,15|23#81|-2,16|23#82|-2,17|23#83|-2,18|23#84|-2,19|23#85|-2,,21|23#86|-2,22|23#87|-2,23|23#88|-2,24|23#89|-2,25|23#90|-2,26|23#91|-2,27|23#92|-2,28|23#93|-2,29|23#94|-2,,31|23#95|-2,32|23#96|-2,33|23#97|-2,34|23#98|-2,35|23#99|-2,36|23#100|-2,37|23#101|-2,38|23#102|-2,39|23#103|-2,40|23#104|-2,41|23#105|-2,42|23#106|-2,,,45|23#107|-2,46|23#108|-2,47|23#109|-2,48|23#110|-2,49|23#111|-2,50|23#112|-2
0|24#68|-1,1|24#69|-1,2|24#70|-1,3|24#71|-1,4|24#72|-1,5|24#73|-1,,7|24#74|-1,8|24#75|-1,9|24#76|-1,10|24#77|-1,11|24#78|-1,12|24#79|-1,13|24#80|-1,,15|24#81|-1,16|24#82|-1,17|24#83|-1,18|24#84|-1,19|24#85|-1,,21|24#86|-1,22|24#87|-1,23|24#88|-1,24|24#89|-1,25|24#90|-1,26|24#91|-1,27|24#92|-1,28|24#93|-1,29|24#94|-1,,31|24#95|-1,32|24#96|-1,33|24#97|-1,34|24#98|-1,35|24#99|-1,36|24#100|-1,37|24#101|-1,,,40|24#102|-1,41|24#103|-1,42|24#104|-1,43|24#105|-1,44|24#106|-1,45|24#107|-1,46|24#108|-1,47|24#109|-1,48|24#110|-1,49|24#111|-1,50|24#112|-1
0|25#68|0,1|25#69|0,2|25#70|0,3|25#71|0,4|25#72|0,5|25#73|0,,7|25#74|0,8|25#75|0,9|25#76|0,10|25#77|0,11|25#78|0,12|25#79|0,13|25#80|0,,15|25#81|0,16|25#82|0,17|25#83|0,18|25#84|0,19|25#85|0,,21|25#86|0,22|25#87|0,23|25#88|0,24|25#89|0,25|25#90|0,26|25#91|0,27|25#92|0,28|25#93|0,29|25#94|0,,31|25#95|0,32|25#96|0,33|25#97|0,34|25#98|0,35|25#99|0,36|25#100|0,37|25#101|0,,,40|25#102|0,41|25#103|0,42|25#104|0,43|25#105|0,44|25#106|0,45|25#107|0,46|25#108|0,47|25#109|0,48|25#110|0,49|25#111|0,50|25#112|0
0|26#68|1,1|26#69|1,2|26#70|1,3|26#71|1,4|26#72|1,5|26#73|1,,7|26#74|1,8|26#75|1,9|26#76|1,10|26#77|1,11|26#78|1,12|26#79|1,13|26#80|1,,15|26#81|1,16|26#82|1,17|26#83|1,18|26#84|1,19|26#85|1,,21|26#86|1,22|26#87|1,23|26#88|1,24|26#89|1,25|26#90|1,26|26#91|1,27|26#92|1,28|26#93|1,29|26#94|1,,31|26#95|1,32|26#96|1,33|26#97|1,34|26#98|1,35|26#99|1,36|26#100|1,37|26#101|1,,39|26#102|1,40|26#103|1,41|26#104|1,42|26#105|1,43|26#106|1,44|26#107|1,,46|26#108|1,47|26#109|1,48|26#110|1,49|26#111|1,50|26#112|1
0|27#68|2,1|27#69|2,2|27#70|2,3|27#71|2,4|27#72|2,5|27#73|2,,7|27#74|2,8|27#75|2,9|27#76|2,10|27#77|2,11|27#78|2,12|27#79|2,13|27#80|2,,15|27#81|2,16|27#82|2,17|27#83|2,18|27#84|2,19|27#85|2,,21|27#86|2,22|27#87|2,23|27#88|2,24|27#89|2,25|27#90|2,26|27#91|2,27|27#92|2,28|27#93|2,29|27#94|2,,31|27#95|2,32|27#96|2,33|27#97|2,34|27#98|2,35|27#99|2,36|27#100|2,37|27#101|2,,39|27#102|2,40|27#103|2,41|27#104|2,42|27#105|2,43|27#106|2,44|27#107|2,45|27#108|2,46|27#109|2,47|27#110|2,,49|27#111|2,50|27#112|2
0|28#68|3,1|28#69|3,2|28#70|3,3|28#71|3,4|28#72|3,5|28#73|3,,7|28#74|3,8|28#75|3,9|28#76|3,10|28#77|3,11|28#78|3,12|28#79|3,13|28#80|3,,15|28#81|3,16|28#82|3,17|28#83|3,18|28#84|3,19|28#85|3,,21|28#86|3,22|28#87|3,23|28#88|3,24|28#89|3,25|28#90|3,26|28#91|3,27|28#92|3,28|28#93|3,29|28#94|3,,31|28#95|3,32|28#96|3,33|28#97|3,,35|28#98|3,36|28#99|3,37|28#100|3,,39|28#101|3,40|28#102|3,41|28#103|3,42|28#104|3,43|28#105|3,44|28#106|3,45|28#107|3,46|28#108|3,47|28#109|3,48|28#110|3,49|28#111|3,50|28#112|3
0|29#68|4,1|29#69|4,2|29#70|4,3|29#71|4,4|29#72|4,5|29#73|4,,7|29#74|4,8|29#75|4,9|29#76|4,10|29#77|4,11|29#78|4,12|29#79|4,13|29#80|4,,15|29#81|4,16|29#82|4,17|29#83|4,18|29#84|4,19|29#85|4,,21|29#86|4,22|29#87|4,23|29#88|4,24|29#89|4,25|29#90|4,26|29#91|4,27|29#92|4,28|29#93|4,29|29#94|4,,31|29#95|4,32|29#96|4,33|29#97|4,,35|29#98|4,36|29#99|4,37|29#100|4,,39|29#101|4,40|29#102|4,41|29#103|4,42|29#104|4,43|29#105|4,44|29#106|4,45|29#107|4,46|29#108|4,47|29#109|4,48|29#110|4,49|29#111|4,50|29#112|4
,,,,,,,,,,,,,,,,,,,,,,,,,,,,,,,,,,,,,,,,,,,,,,,,,,
0|31#68|5,1|31#69|5,2|31#70|5,3|31#71|5,4|31#72|5,5|31#73|5,6|31#74|5,7|31#75|5,8|31#76|5,,10|31#77|5,11|31#78|5,,,14|31#79|5,15|31#80|5,16|31#81|5,17|31#82|5,18|31#83|5,19|31#84|5,20|31#85|5,21|31#86|5,22|31#87|5,23|31#88|5,24|31#89|5,,26|31#90|5,27|31#91|5,28|31#92|5,29|31#93|5,30|31#94|5,31|31#95|5,32|31#96|5,33|31#97|5,34|31#98|5,35|31#99|5,36|31#100|5,37|31#101|5,38|31#102|5,39|31#103|5,40|31#104|5,41|31#105|5,42|31#106|5,43|31#107|5,44|31#108|5,45|31#109|5,46|31#110|5,47|31#111|5,,,50|31#112|5
0|32#68|6,1|32#69|6,2|32#70|6,3|32#71|6,4|32#72|6,5|32#73|6,6|32#74|6,7|32#75|6,8|32#76|6,,10|32#77|6,11|32#78|6,,,14|32#79|6,15|32#80|6,16|32#81|6,17|32#82|6,18|32#83|6,19|32#84|6,20|32#85|6,21|32#86|6,22|32#87|6,23|32#88|6,24|32#89|6,,26|32#90|6,27|32#91|6,28|32#92|6,29|32#93|6,30|32#94|6,31|32#95|6,32|32#96|6,33|32#97|6,34|32#98|6,35|32#99|6,36|32#100|6,37|32#101|6,38|32#102|6,39|32#103|6,40|32#104|6,41|32#105|6,42|32#106|6,43|32#107|6,44|32#108|6,45|32#109|6,46|32#110|6,47|32#111|6,,,50|32#112|6
0|33#68|7,1|33#69|7,2|33#70|7,3|33#71|7,4|33#72|7,5|33#73|7,6|33#74|7,7|33#75|7,8|33#76|7,,10|33#77|7,11|33#78|7,12|33#79|7,13|33#80|7,14|33#81|7,15|33#82|7,,,18|33#83|7,19|33#84|7,20|33#85|7,21|33#86|7,22|33#87|7,23|33#88|7,24|33#89|7,,26|33#90|7,27|33#91|7,28|33#92|7,29|33#93|7,30|33#94|7,31|33#95|7,32|33#96|7,33|33#97|7,34|33#98|7,35|33#99|7,36|33#100|7,37|33#101|7,,,40|33#102|7,41|33#103|7,42|33#104|7,43|33#105|7,44|33#106|7,45|33#107|7,46|33#108|7,47|33#109|7,48|33#110|7,49|33#111|7,50|33#112|7
0|34#68|8,1|34#69|8,2|34#70|8,3|34#71|8,4|34#72|8,5|34#73|8,6|34#74|8,7|34#75|8,8|34#76|8,,10|34#77|8,11|34#78|8,12|34#79|8,13|34#80|8,14|34#81|8,15|34#82|8,,,18|34#83|8,19|34#84|8,20|34#85|8,21|34#86|8,22|34#87|8,23|34#88|8,24|34#89|8,,26|34#90|8,27|34#91|8,28|34#92|8,29|34#93|8,30|34#94|8,31|34#95|8,32|34#96|8,33|34#97|8,34|34#98|8,35|34#99|8,36|34#100|8,37|34#101|8,,,40|34#102|8,41|34#103|8,42|34#104|8,43|34#105|8,44|34#106|8,45|34#107|8,46|34#108|8,47|34#109|8,48|34#110|8,49|34#111|8,50|34#112|8
,,,,,,,,,,,,,,,,,,,,,,,,,,,,,,,,,,,,,,,,,,,,,,,,,,
0|36#68|9,1|36#69|9,2|36#70|9,3|36#71|9,4|36#72|9,5|36#73|9,6|36#74|9,7|36#75|9,8|36#76|9,9|36#77|9,,,12|36#78|9,13|36#79|9,14|36#80|9,15|36#81|9,16|36#82|9,17|36#83|9,18|36#84|9,19|36#85|9,,21|36#86|9,22|36#87|9,23|36#88|9,24|36#89|9,25|36#90|9,26|36#91|9,27|36#92|9,28|36#93|9,29|36#94|9,30|36#95|9,31|36#96|9,32|36#97|9,33|36#98|9,34|36#99|9,35|36#100|9,36|36#101|9,37|36#102|9,38|36#103|9,39|36#104|9,40|36#105|9,,42|36#106|9,43|36#107|9,44|36#108|9,45|36#109|9,,,48|36#110|9,49|36#111|9,50|36#112|9
0|37#68|10,1|37#69|10,2|37#70|10,3|37#71|10,4|37#72|10,5|37#73|10,6|37#74|10,7|37#75|10,8|37#76|10,9|37#77|10,,,12|37#78|10,13|37#79|10,14|37#80|10,15|37#81|10,16|37#82|10,17|37#83|10,18|37#84|10,19|37#85|10,,21|37#86|10,22|37#87|10,23|37#88|10,24|37#89|10,25|37#90|10,26|37#91|10,27|37#92|10,28|37#93|10,29|37#94|10,30|37#95|10,31|37#96|10,32|37#97|10,33|37#98|10,34|37#99|10,35|37#100|10,36|37#101|10,37|37#102|10,38|37#103|10,39|37#104|10,40|37#105|10,,42|37#106|10,43|37#107|10,44|37#108|10,45|37#109|10,,,48|37#110|10,49|37#111|10,50|37#112|10
0|38#68|11,1|38#69|11,2|38#70|11,,,5|38#71|11,6|38#72|11,7|38#73|11,8|38#74|11,9|38#75|11,10|38#76|11,11|38#77|11,12|38#78|11,13|38#79|11,14|38#80|11,15|38#81|11,16|38#82|11,17|38#83|11,18|38#84|11,19|38#85|11,,21|38#86|11,22|38#87|11,23|38#88|11,24|38#89|11,25|38#90|11,26|38#91|11,27|38#92|11,28|38#93|11,29|38#94|11,30|38#95|11,31|38#96|11,32|38#97|11,33|38#98|11,34|38#99|11,35|38#100|11,36|38#101|11,37|38#102|11,38|38#103|11,39|38#104|11,40|38#105|11,,42|38#106|11,43|38#107|11,44|38#108|11,45|38#109|11,,,48|38#110|11,49|38#111|11,50|38#112|11
0|39#68|12,1|39#69|12,2|39#70|12,,,5|39#71|12,6|39#72|12,7|39#73|12,8|39#74|12,9|39#75|12,10|39#76|12,11|39#77|12,12|39#78|12,13|39#79|12,14|39#80|12,15|39#81|12,16|39#82|12,17|39#83|12,18|39#84|12,19|39#85|12,,21|39#86|12,22|39#87|12,23|39#88|12,24|39#89|12,25|39#90|12,26|39#91|12,27|39#92|12,28|39#93|12,29|39#94|12,30|39#95|12,31|39#96|12,32|39#97|12,,,35|39#98|12,36|39#99|12,37|39#100|12,38|39#101|12,39|39#102|12,40|39#103|12,,42|39#104|12,43|39#105|12,44|39#106|12,45|39#107|12,46|39#108|12,47|39#109|12,48|39#110|12,49|39#111|12,50|39#112|12
0|40#68|13,1|40#69|13,2|40#70|13,3|40#71|13,4|40#72|13,5|40#73|13,6|40#74|13,7|40#75|13,8|40#76|13,9|40#77|13,10|40#78|13,11|40#79|13,,,14|40#80|13,15|40#81|13,16|40#82|13,17|40#83|13,18|40#84|13,19|40#85|13,,21|40#86|13,22|40#87|13,23|40#88|13,24|40#89|13,25|40#90|13,26|40#91|13,27|40#92|13,28|40#93|13,29|40#94|13,30|40#95|13,31|40#96|13,32|40#97|13,,,35|40#98|13,36|40#99|13,37|40#100|13,38|40#101|13,39|40#102|13,40|40#103|13,,42|40#104|13,43|40#105|13,44|40#106|13,45|40#107|13,46|40#108|13,47|40#109|13,48|40#110|13,49|40#111|13,50|40#112|13
0|41#68|14,1|41#69|14,2|41#70|14,3|41#71|14,4|41#72|14,5|41#73|14,6|41#74|14,7|41#75|14,8|41#76|14,9|41#77|14,10|41#78|14,11|41#79|14,,,14|41#80|14,15|41#81|14,16|41#82|14,17|41#83|14,18|41#84|14,19|41#85|14,,21|41#86|14,22|41#87|14,23|41#88|14,24|41#89|14,25|41#90|14,26|41#91|14,,,29|41#92|14,30|41#93|14,31|41#94|14,32|41#95|14,33|41#96|14,34|41#97|14,35|41#98|14,36|41#99|14,37|41#100|14,38|41#101|14,39|41#102|14,40|41#103|14,,42|41#104|14,43|41#105|14,44|41#106|14,45|41#107|14,46|41#108|14,47|41#109|14,48|41#110|14,49|41#111|14,50|41#112|14
0|42#68|15,1|42#69|15,2|42#70|15,3|42#71|15,4|42#72|15,5|42#73|15,,,8|42#74|15,9|42#75|15,10|42#76|15,11|42#77|15,12|42#78|15,13|42#79|15,14|42#80|15,15|42#81|15,16|42#82|15,17|42#83|15,18|42#84|15,19|42#85|15,,21|42#86|15,22|42#87|15,23|42#88|15,24|42#89|15,25|42#90|15,26|42#91|15,,,29|42#92|15,30|42#93|15,31|42#94|15,32|42#95|15,33|42#96|15,34|42#97|15,35|42#98|15,36|42#99|15,37|42#100|15,38|42#101|15,39|42#102|15,40|42#103|15,,42|42#104|15,43|42#105|15,44|42#106|15,45|42#107|15,46|42#108|15,47|42#109|15,48|42#110|15,49|42#111|15,50|42#112|15
0|43#68|16,1|43#69|16,2|43#70|16,3|43#71|16,4|43#72|16,5|43#73|16,,,8|43#74|16,9|43#75|16,10|43#76|16,11|43#77|16,12|43#78|16,13|43#79|16,14|43#80|16,15|43#81|16,16|43#82|16,17|43#83|16,18|43#84|16,19|43#85|16,,21|43#86|16,22|43#87|16,23|43#88|16,24|43#89|16,25|43#90|16,26|43#91|16,27|43#92|16,28|43#93|16,29|43#94|16,30|43#95|16,31|43#96|16,32|43#97|16,33|43#98|16,34|43#99|16,35|43#100|16,36|43#101|16,37|43#102|16,38|43#103|16,,,,42|43#104|16,43|43#105|16,44|43#106|16,45|43#107|16,46|43#108|16,47|43#109|16,48|43#110|16,49|43#111|16,50|43#112|16
,,,,,,,,,,,,,,,,,,,,,,,,,,,,,,,,,,,,,,,,,,,,,,,,,,
,,,,,,6|45#68|17,7|45#69|17,8|45#70|17,9|45#71|17,10|45#72|17,11|45#73|17,12|45#74|17,13|45#75|17,14|45#76|17,15|45#77|17,16|45#78|17,17|45#79|17,18|45#80|17,19|45#81|17,20|45#82|17,21|45#83|17,22|45#84|17,23|45#85|17,24|45#86|17,25|45#87|17,26|45#88|17,27|45#89|17,28|45#90|17,29|45#91|17,30|45#92|17,31|45#93|17,32|45#94|17,33|45#95|17,34|45#96|17,35|45#97|17,36|45#98|17,37|45#99|17,38|45#100|17,39|45#101|17,40|45#102|17,41|45#103|17,42|45#104|17,43|45#105|17,44|45#106|17,45|45#107|17,46|45#108|17,47|45#109|17,48|45#110|17,49|45#111|17,50|45#112|17
,,,,,,6|46#68|18,7|46#69|18,8|46#70|18,9|46#71|18,10|46#72|18,11|46#73|18,12|46#74|18,13|46#75|18,14|46#76|18,15|46#77|18,16|46#78|18,17|46#79|18,18|46#80|18,19|46#81|18,20|46#82|18,21|46#83|18,22|46#84|18,23|46#85|18,24|46#86|18,25|46#87|18,26|46#88|18,27|46#89|18,28|46#90|18,29|46#91|18,30|46#92|18,31|46#93|18,32|46#94|18,33|46#95|18,34|46#96|18,35|46#97|18,36|46#98|18,37|46#99|18,38|46#100|18,39|46#101|18,40|46#102|18,41|46#103|18,42|46#104|18,43|46#105|18,44|46#106|18,45|46#107|18,46|46#108|18,47|46#109|18,48|46#110|18,49|46#111|18,50|46#112|18
,,,,,,6|47#68|19,7|47#69|19,8|47#70|19,9|47#71|19,10|47#72|19,11|47#73|19,12|47#74|19,13|47#75|19,14|47#76|19,15|47#77|19,16|47#78|19,17|47#79|19,18|47#80|19,19|47#81|19,20|47#82|19,21|47#83|19,22|47#84|19,23|47#85|19,24|47#86|19,25|47#87|19,26|47#88|19,27|47#89|19,28|47#90|19,29|47#91|19,30|47#92|19,31|47#93|19,32|47#94|19,33|47#95|19,34|47#96|19,35|47#97|19,36|47#98|19,37|47#99|19,38|47#100|19,39|47#101|19,40|47#102|19,41|47#103|19,42|47#104|19,43|47#105|19,44|47#106|19,45|47#107|19,46|47#108|19,47|47#109|19,48|47#110|19,49|47#111|19,50|47#112|19
,,,,,,6|48#68|20,7|48#69|20,8|48#70|20,9|48#71|20,10|48#72|20,11|48#73|20,12|48#74|20,13|48#75|20,14|48#76|20,15|48#77|20,16|48#78|20,17|48#79|20,18|48#80|20,19|48#81|20,20|48#82|20,21|48#83|20,22|48#84|20,23|48#85|20,24|48#86|20,25|48#87|20,26|48#88|20,27|48#89|20,28|48#90|20,29|48#91|20,30|48#92|20,31|48#93|20,32|48#94|20,33|48#95|20,34|48#96|20,35|48#97|20,36|48#98|20,37|48#99|20,38|48#100|20,39|48#101|20,40|48#102|20,41|48#103|20,42|48#104|20,43|48#105|20,44|48#106|20,45|48#107|20,46|48#108|20,47|48#109|20,48|48#110|20,49|48#111|20,50|48#112|20
,,,,,,6|49#68|21,7|49#69|21,8|49#70|21,9|49#71|21,10|49#72|21,11|49#73|21,12|49#74|21,13|49#75|21,14|49#76|21,15|49#77|21,16|49#78|21,17|49#79|21,18|49#80|21,19|49#81|21,20|49#82|21,21|49#83|21,22|49#84|21,23|49#85|21,24|49#86|21,25|49#87|21,26|49#88|21,27|49#89|21,28|49#90|21,29|49#91|21,30|49#92|21,31|49#93|21,32|49#94|21,33|49#95|21,34|49#96|21,35|49#97|21,36|49#98|21,37|49#99|21,38|49#100|21,39|49#101|21,40|49#102|21,41|49#103|21,42|49#104|21,43|49#105|21,44|49#106|21,45|49#107|21,46|49#108|21,47|49#109|21,48|49#110|21,49|49#111|21,50|49#112|21
,,,,,,6|50#68|22,7|50#69|22,8|50#70|22,9|50#71|22,10|50#72|22,11|50#73|22,12|50#74|22,13|50#75|22,14|50#76|22,15|50#77|22,16|50#78|22,17|50#79|22,18|50#80|22,19|50#81|22,20|50#82|22,21|50#83|22,22|50#84|22,23|50#85|22,24|50#86|22,25|50#87|22,26|50#88|22,27|50#89|22,28|50#90|22,29|50#91|22,30|50#92|22,31|50#93|22,32|50#94|22,33|50#95|22,34|50#96|22,35|50#97|22,36|50#98|22,37|50#99|22,38|50#100|22,39|50#101|22,40|50#102|22,41|50#103|22,42|50#104|22,43|50#105|22,44|50#106|22,45|50#107|22,46|50#108|22,47|50#109|22,48|50#110|22,49|50#111|22,50|50#112|22
